[
    {
      "img":"img/porsche.jpg",
      "marca": "PORSCHE",
      "modelo": "CAYENNE",
      "ano":2012,
      "descricao":"4.8 GTS 4X4 V8 32V GASOLINA 4P TIPTRONIC",
      "url":"https://www.webmotors.com.br/comprar/porsche/cayenne/4-8-gts-4x4-v8-32v-gasolina-4p-tiptronic/4-portas/2012-2013/29175341?pos=b29175341g:&np=1"
    },
    {
        "img":"img/mercedesbenz.jpg",
        "marca": "MERCEDES-BENZ",
        "modelo": "C 250",
        "ano":2017,
        "descricao":"2.0 CGI GASOLINA AVANTGARDE 9G-TRONIC",
        "url":"https://www.webmotors.com.br/comprar/mercedes-benz/c-250/2-0-cgi-gasolina-avantgarde-9g-tronic/0-portas/2017/28139084?pos=a28139084g:&np=1"
      },
      {
        "img":"img/corvette.jpg",
        "marca": "CHEVROLET",
        "modelo": "CORVETTE GRAND SPORT",
        "ano":2012,
        "descricao":"6.2 CONVERSÍVEL V8 GASOLINA 2P AUTOMÁTICO",
        "url":"https://www.webmotors.com.br/comprar/chevrolet/corvette-grand-sport/6-2-conversivel-v8-gasolina-2p-automatico/2-portas/2012/29143429?pos=a29143429g:&np=1"
      },
      {
        "img":"img/mclaren.jpg",
        "marca": "MCLAREN",
        "modelo": "720S",
        "ano":2019,
        "descricao":"4.0 V8 TURBO GASOLINA SPIDER SSG",
        "url":"https://www.webmotors.com.br/comprar/mclaren/720s/4-0-v8-turbo-gasolina-spider-ssg/2-portas/2019/29616944?pos=f29616944g:&np=1"
      }               
  ]